freq,amp
9.9e6,1.0e-8
9.954054173512084e+006,9.475050e-008
9.977000638222339e+006,9.488770e-008
1.000000000000000e+007,9.502458e-008